{"image_id": 936, "original_bbox": [0.0024509803921568627, 220.00226244343892, 480.99334733893556, 50.99577677224735], "refined_bbox": null, "category": 1}