{"image_id": 1067, "original_bbox": [333.0019607843137, 194.00196078431372, 145.99803921568628, 125.99607843137255], "refined_bbox": null, "category": 1}