{"image_id": 4040, "original_bbox": [197.00877192982455, 111.04545454545455, 100.97807017543863, 120.94343434343433], "refined_bbox": null, "category": 17}