{"image_id": 1801, "original_bbox": [8.001960784313725, 155.00196078431372, 415.99607843137255, 205.99607843137255], "refined_bbox": null, "category": 12}