{"image_id": 5732, "original_bbox": [171.00196078431372, 180.0019920318725, 218.99607843137255, 90.99604718381377], "refined_bbox": null, "category": 1}