{"image_id": 4415, "original_bbox": [0.002976190476190476, 198.0056179775281, 97.9835102960103, 89.99041376850366], "refined_bbox": null, "category": 18}