{"image_id": 2110, "original_bbox": [132.00196078431372, 0.00196078431372549, 70.99607843137255, 65.99607843137255], "refined_bbox": null, "category": 3}