{"image_id": 560, "original_bbox": [6.0019607843137255, 87.00196078431372, 249.99607843137255, 273.99607843137255], "refined_bbox": null, "category": 19}