{"image_id": 5597, "original_bbox": [0.00196078431372549, 113.00196078431372, 306.99607843137255, 206.99607843137255], "refined_bbox": null, "category": 6}