{"image_id": 929, "original_bbox": [59.001960784313724, 83.00196078431372, 65.99607843137255, 186.99607843137255], "refined_bbox": null, "category": 1}