{"image_id": 1335, "original_bbox": [379.03333333333336, 229.0078125, 78.95104166666664, 41.99018749999999], "refined_bbox": null, "category": 1}