{"image_id": 3731, "original_bbox": [145.0020920502092, 104.003125, 159.9948023597287, 99.99462274774775], "refined_bbox": null, "category": 6}