{"image_id": 5360, "original_bbox": [276.00735294117646, 67.0042372881356, 81.49264705882354, 86.99014473433631], "refined_bbox": null, "category": 6}