{"image_id": 2126, "original_bbox": [291.0019607843137, 42.001960784313724, 57.99607843137255, 22.996078431372553], "refined_bbox": null, "category": 7}