{"image_id": 2259, "original_bbox": [315.0104166666667, 119.00359712230215, 65.98355923694777, 104.97367560497057], "refined_bbox": null, "category": 2}