{"image_id": 2118, "original_bbox": [99.00354609929079, 288.003937007874, 184.9886414007092, 72.99409448818898], "refined_bbox": null, "category": 1}