{"image_id": 1630, "original_bbox": [117.01, 234.02, 43.94454545454546, 34.938333333333304], "refined_bbox": null, "category": 17}