{"image_id": 5371, "original_bbox": [241.0037037037037, 139.0090909090909, 64.99041394335512, 87.97775119617225], "refined_bbox": null, "category": 17}