{"image_id": 4850, "original_bbox": [0.00196078431372549, 0.009615384615384616, 279.9904634581105, 360.9884238310709], "refined_bbox": null, "category": 1}