{"image_id": 4137, "original_bbox": [301.01612903225805, 152.01111111111112, 73.98191018342823, 72.98692810457516], "refined_bbox": null, "category": 12}