{"image_id": 3187, "original_bbox": [208.00196078431372, 139.00196078431372, 38.99607843137255, 21.996078431372553], "refined_bbox": null, "category": 14}