{"image_id": 4011, "original_bbox": [45.001960784313724, 184.00196078431372, 229.99607843137255, 130.99607843137255], "refined_bbox": null, "category": 17}