{"image_id": 5299, "original_bbox": [157.01063829787233, 188.25, 20.97323266986959, 12.746951219512198], "refined_bbox": null, "category": 5}