{"image_id": 5122, "original_bbox": [0.0029239766081871343, 250.0027624309392, 98.98665935672514, 20.995276784747062], "refined_bbox": null, "category": 17}