{"image_id": 5490, "original_bbox": [71.00196078431372, 187.00196078431372, 265.9824142156863, 132.99513223894206], "refined_bbox": null, "category": 3}