{"image_id": 2006, "original_bbox": [287.00694444444446, 62.001960784313724, 54.99109477124182, 183.99607843137255], "refined_bbox": null, "category": 3}