{"image_id": 5174, "original_bbox": [0.00196078431372549, 96.00196078431372, 160.99607843137255, 156.99607843137255], "refined_bbox": null, "category": 7}