{"image_id": 3423, "original_bbox": [1.0019607843137255, 90.00641025641026, 208.99602308665402, 180.991628959276], "refined_bbox": null, "category": 1}