{"image_id": 5846, "original_bbox": [8.002808988764045, 230.01111111111112, 38.99238331892826, 40.986872759856624], "refined_bbox": null, "category": 14}