{"image_id": 2111, "original_bbox": [0.00196078431372549, 155.00196078431372, 14.996078431372549, 12.996078431372553], "refined_bbox": null, "category": 3}