{"image_id": 1047, "original_bbox": [0.013157894736842105, 219.0028735632184, 480.98419660261766, 51.995165652467875], "refined_bbox": null, "category": 1}