{"image_id": 1672, "original_bbox": [240.00196078431372, 4.0019607843137255, 216.99607843137255, 159.99607843137255], "refined_bbox": null, "category": 1}