{"image_id": 5862, "original_bbox": [0.00196078431372549, 250.00196078431372, 264.99607843137255, 93.99607843137255], "refined_bbox": null, "category": 17}