{"image_id": 2933, "original_bbox": [179.00196078431372, 248.00196078431372, 300.99607843137255, 72.99607843137255], "refined_bbox": null, "category": 1}