{"image_id": 3074, "original_bbox": [103.00196078431372, 6.0019607843137255, 201.99607843137255, 352.99607843137255], "refined_bbox": null, "category": 12}