{"image_id": 4671, "original_bbox": [222.00196078431372, 169.00196078431372, 42.99118990061777, 48.99607843137255], "refined_bbox": null, "category": 16}