{"image_id": 3078, "original_bbox": [12.001960784313725, 7.0019607843137255, 285.99607843137255, 267.99607843137255], "refined_bbox": null, "category": 19}