{"image_id": 3380, "original_bbox": [246.00485436893203, 162.01111111111112, 23.96389563106797, 30.98627108784177], "refined_bbox": null, "category": 12}