{"image_id": 3373, "original_bbox": [11.007936507936508, 61.07142857142857, 390.99010270774977, 257.9266106442577], "refined_bbox": null, "category": 12}