{"image_id": 5498, "original_bbox": [0.00196078431372549, 62.001960784313724, 442.99607843137255, 174.99607843137255], "refined_bbox": null, "category": 17}