{"image_id": 2037, "original_bbox": [426.00387596899225, 0.0020833333333333333, 54.9922778771616, 270.9959558823529], "refined_bbox": null, "category": 1}