{"image_id": 4893, "original_bbox": [335.0027173913044, 53.07142857142857, 50.99505046583846, 43.92371705963939], "refined_bbox": null, "category": 2}