{"image_id": 3283, "original_bbox": [0.003703703703703704, 246.00675675675674, 95.99373219373219, 24.991266958658258], "refined_bbox": null, "category": 17}