{"image_id": 1216, "original_bbox": [121.0079365079365, 117.1, 359.7420634920635, 149.89712643678163], "refined_bbox": null, "category": 18}