{"image_id": 5641, "original_bbox": [224.04166666666666, 179.0023148148148, 32.95518867924531, 24.995337767344807], "refined_bbox": null, "category": 17}