{"image_id": 5688, "original_bbox": [245.00196078431372, 200.00196078431372, 177.99607843137255, 70.99607843137255], "refined_bbox": null, "category": 1}