{"image_id": 1554, "original_bbox": [1.0019607843137255, 207.00196078431372, 477.9980392156863, 109.99607843137255], "refined_bbox": null, "category": 2}