{"image_id": 2977, "original_bbox": [335.03333333333336, 123.00320512820512, 54.95384615384614, 44.990128205128215], "refined_bbox": null, "category": 2}