{"image_id": 1820, "original_bbox": [114.00290697674419, 88.015625, 366.9944888565891, 151.96824596774192], "refined_bbox": null, "category": 10}