{"image_id": 3301, "original_bbox": [187.00196078431372, 77.00196078431372, 78.99607843137255, 90.99607843137255], "refined_bbox": null, "category": 12}